<?xml version="1.0" encoding="UTF-8"?>
<!-- Foundation -->
<window id="109">
    <defaultcontrol always="true">21</defaultcontrol>

    <zorder>10</zorder>

    <coordinates>
        <origin x="750" y="270" />
    </coordinates>

    <controls>
        <control type="group">
            <left>-750</left>
            <top>-270</top>
            <width>1920</width>
            <height>1080</height>
            <include>Global_Overlay</include>
        </control>
        <control type="group">
            <control type="image">
                <left>-18</left>
                <top>58</top>
                <width>456</width>
                <height>524</height>
                <texture border="16" colordiffuse="dialog_bg_100">common/rounded-shadow8.png</texture>
            </control>

            <control type="label" id="1">
                <description>dialog Heading</description>
                <left>15</left>
                <width>390</width>
                <height>57</height>
                <aligny>center</aligny>
                <align>center</align>
                <font>font_small_bold</font>
                <textcolor>panel_fg_100</textcolor>
            </control>

            <control type="image">
                <left>12</left>
                <top>87</top>
                <width>396</width>
                <height>75</height>
                <aspectratio>stretch</aspectratio>
                <texture border="20" colordiffuse="dialog_fg_12">diffuse/box.png</texture>
            </control>

            <control type="label" id="4">
                <description>Edit Text</description>
                <left>23</left>
                <top>87</top>
                <width>375</width>
                <height>75</height>
                <align>center</align>
                <textcolor>dialog_fg_70</textcolor>
            </control>

            <control type="group">
                <left>12</left>
                <top>174</top>

                <control type="button" id="11">
                    <description>1 button</description>
                    <left>0</left>
                    <top>0</top>
                    <width>96</width>
                    <height>90</height>
                    <include>Defs_Keyboard_Button</include>
                    <label>12311</label>
                    <onleft>23</onleft>
                    <onright>12</onright>
                    <onup>20</onup>
                    <ondown>14</ondown>
                </control>

                <control type="button" id="12">
                    <description>2 button</description>
                    <left>102</left>
                    <top>0</top>
                    <width>96</width>
                    <height>90</height>
                    <include>Defs_Keyboard_Button</include>
                    <label>12312</label>
                    <onleft>11</onleft>
                    <onright>13</onright>
                    <onup>10</onup>
                    <ondown>15</ondown>
                </control>

                <control type="button" id="13">
                    <description>3 button</description>
                    <left>204</left>
                    <top>0</top>
                    <width>96</width>
                    <height>90</height>
                    <include>Defs_Keyboard_Button</include>
                    <label>12313</label>
                    <onleft>12</onleft>
                    <onright>23</onright>
                    <onup>22</onup>
                    <ondown>16</ondown>
                </control>

                <control type="button" id="23">
                    <description>Backspace button</description>
                    <left>306</left>
                    <top>0</top>
                    <width>90</width>
                    <height>186</height>
                    <include>Defs_Keyboard_Button</include>
                    <textwidth>180</textwidth>
                    <label>20181</label>
                    <angle>270</angle>
                    <onleft>13</onleft>
                    <onright>11</onright>
                    <onup>21</onup>
                    <ondown>21</ondown>
                </control>

                <control type="button" id="14">
                    <description>4 button</description>
                    <left>0</left>
                    <top>96</top>
                    <width>96</width>
                    <height>90</height>
                    <include>Defs_Keyboard_Button</include>
                    <label>12314</label>
                    <onleft>23</onleft>
                    <onright>15</onright>
                    <onup>11</onup>
                    <ondown>17</ondown>
                </control>

                <control type="button" id="15">
                    <description>5 button</description>
                    <left>102</left>
                    <top>96</top>
                    <width>96</width>
                    <height>90</height>
                    <include>Defs_Keyboard_Button</include>
                    <label>12315</label>
                    <onleft>14</onleft>
                    <onright>16</onright>
                    <onup>12</onup>
                    <ondown>18</ondown>
                </control>

                <control type="button" id="16">
                    <description>6 button</description>
                    <left>204</left>
                    <top>96</top>
                    <width>96</width>
                    <height>90</height>
                    <include>Defs_Keyboard_Button</include>
                    <label>12316</label>
                    <onleft>15</onleft>
                    <onright>23</onright>
                    <onup>13</onup>
                    <ondown>19</ondown>
                </control>

                <control type="button" id="17">
                    <description>7 button</description>
                    <left>0</left>
                    <top>192</top>
                    <width>96</width>
                    <height>90</height>
                    <include>Defs_Keyboard_Button</include>
                    <label>12317</label>
                    <onleft>21</onleft>
                    <onright>18</onright>
                    <onup>14</onup>
                    <ondown>20</ondown>
                </control>

                <control type="button" id="18">
                    <description>8 button</description>
                    <left>102</left>
                    <top>192</top>
                    <width>96</width>
                    <height>90</height>
                    <include>Defs_Keyboard_Button</include>
                    <label>12318</label>
                    <onleft>17</onleft>
                    <onright>19</onright>
                    <onup>15</onup>
                    <ondown>10</ondown>
                </control>

                <control type="button" id="19">
                    <description>9 button</description>
                    <left>204</left>
                    <top>192</top>
                    <width>96</width>
                    <height>90</height>
                    <include>Defs_Keyboard_Button</include>
                    <label>12319</label>
                    <onleft>18</onleft>
                    <onright>21</onright>
                    <onup>16</onup>
                    <ondown>22</ondown>
                </control>

                <control type="button" id="21">
                    <description>Done button</description>
                    <left>306</left>
                    <top>192</top>
                    <width>90</width>
                    <height>186</height>
                    <include>Defs_Keyboard_Button</include>
                    <textwidth>180</textwidth>
                    <label>20177</label>
                    <angle>270</angle>
                    <onleft>19</onleft>
                    <onright>17</onright>
                    <onup>23</onup>
                    <ondown>23</ondown>
                </control>

                <control type="button" id="20">
                    <description>prev button</description>
                    <left>0</left>
                    <top>288</top>
                    <width>96</width>
                    <height>90</height>
                    <label>&lt;</label>
                    <include>Defs_Keyboard_Button</include>
                    <onleft>21</onleft>
                    <onright>10</onright>
                    <onup>17</onup>
                    <ondown>11</ondown>
                </control>

                <control type="button" id="10">
                    <description>0 button</description>
                    <left>102</left>
                    <top>288</top>
                    <width>96</width>
                    <height>90</height>
                    <include>Defs_Keyboard_Button</include>
                    <label>12310</label>
                    <onleft>20</onleft>
                    <onright>22</onright>
                    <onup>18</onup>
                    <ondown>12</ondown>
                </control>

                <control type="button" id="22">
                    <description>next button</description>
                    <left>204</left>
                    <top>288</top>
                    <width>96</width>
                    <height>90</height>
                    <label>&gt;</label>
                    <include>Defs_Keyboard_Button</include>
                    <onleft>10</onleft>
                    <onright>21</onright>
                    <onup>19</onup>
                    <ondown>13</ondown>
                </control>

            </control>
        </control>
    </controls>

</window>
