<?xml version="1.0" encoding="UTF-8"?>
<!-- Foundation -->
<window id="0">
    <defaultcontrol always="false">301</defaultcontrol>
    <backgroundcolor>Background</backgroundcolor>
    <onload>RunScript(script.skinshortcuts,type=buildxml&amp;mainmenuID=301&amp;levels=1&amp;group=mainmenu&amp;options=noGroups)</onload>
    <onunload>ClearProperty(TMDbHelper.WidgetContainer,Home)</onunload>

    <controls>
        <control type="group">
            <!-- Now Playing etc. -->
            <include>Global_Background</include>

            <!-- Topbar stuff -->
            <include content="Topbar">
                <param name="visible" value="ControlGroup(3000).HasFocus()" />
            </include>

            <!-- Paging Arrows -->
            <control type="group">
                <top>view_top</top>
                <visible>ControlGroup(3000).HasFocus()</visible>
                <include content="Object_Info_Arrows">
                    <param name="id" value="3000" />
                </include>
            </control>
            
            <control type="group">
                <animation effect="slide" start="0" end="-257.14" time="200" condition="ControlGroup(3000).HasFocus() | Control.HasFocus(5000) | Control.HasFocus(5100)">Conditional</animation>
                <control type="group">
                    <include content="View_Group">
                        <param name="animation" value="Defs_Null" />
                    </include>
                    <control type="grouplist">
                        <top>-15</top>
                        <width>2500</width>
                        <left>-30</left>
                        <bottom>-15</bottom>
                        <orientation>horizontal</orientation>
                        <usecontrolcoords>true</usecontrolcoords>
                        <itemgap>0</itemgap>
                        <control type="group" id="300">
                            <width>257.14</width>
                            <left>15</left>
                            <top>-7</top>
                            <bottom>7</bottom>
                            <control type="group">
                                <width>257.14</width>
                                <control type="button" id="3002">
                                    <onup>SetFocus(302,999,absolute)</onup>
                                    <ondown>SetFocus(302,0,absolute)</ondown>
                                    <right>40</right>
                                    <onleft>301</onleft>
                                    <onright>301</onright>
                                    <onback>301</onback>
                                    <font>font_topbar</font>
                                    <align>right</align>
                                    <aligny>center</aligny>
                                    <textcolor>main_fg_30</textcolor>
                                    <focusedcolor>main_fg_100</focusedcolor>
                                    <textoffsetx>0</textoffsetx>
                                    <texturefocus />
                                    <texturenofocus />
                                    <label>$INFO[Container(301).ListItem.Label]</label>
                                    <onclick>$INFO[Container(301).ListItem.Property(path)]</onclick>
                                    <height>item_list_height</height>
                                    <visible allowhiddenfocus="true">Control.HasFocus(302) | Control.HasFocus(3002)</visible>
                                </control>
                                <control type="panel" id="302">
                                    <visible allowhiddenfocus="true">Control.HasFocus(302) | Control.HasFocus(3002)</visible>
                                    <onup>3002</onup>
                                    <ondown>3002</ondown>
                                    <onleft>301</onleft>
                                    <onright>301</onright>
                                    <onback>301</onback>
                                    <include>Defs_InfoDialog_Visible</include>
                                    <left>0</left>
                                    <animation effect="fade" start="100" end="0" time="200" condition="ControlGroup(3000).HasFocus() | Control.HasFocus(5000) | Control.HasFocus(5100)">Conditional</animation>
                                    <top>item_list_height</top>
                                    <width>257.14</width>
                                    <onright>3000</onright>
                                    <orientation>vertical</orientation>                
                                    <itemlayout width="257.14" height="item_list_height">
                                        <control type="label">
                                            <right>40</right>
                                            <font>font_submenu_small</font>
                                            <align>right</align>
                                            <aligny>center</aligny>
                                            <textcolor>main_fg_30</textcolor>
                                            <label>$INFO[ListItem.Label]</label>
                                        </control>
                                    </itemlayout>
                                    <focusedlayout width="257.14" height="item_list_height">
                                        <control type="label">
                                            <right>40</right>
                                            <font>font_submenu</font>
                                            <align>right</align>
                                            <aligny>center</aligny>
                                            <textcolor>main_fg_100</textcolor>
                                            <label>$INFO[ListItem.Label]</label>
                                        </control>
                                    </focusedlayout>
                                    <content><include>skinshortcuts-submenu</include></content>
                                </control>
                            </control>
                            <control type="panel" id="301">
                                <visible allowhiddenfocus="true">![Control.HasFocus(302) | Control.HasFocus(3002)] + Control.HasFocus(301)</visible>
                                <include>Defs_InfoDialog_Visible</include>
                                <onleft condition="Integer.IsGreater(Container(302).NumItems,0)">SetFocus(302,0)</onleft>
                                <animation effect="fade" start="100" end="0" time="200" condition="ControlGroup(3000).HasFocus() | Control.HasFocus(5000) | Control.HasFocus(5100)">Conditional</animation>
                                <top>0</top>
                                <onright>3000</onright>
                                <width>257.14</width>
                                <orientation>vertical</orientation>                
                                <itemlayout width="257.14" height="item_list_height">
                                    <control type="label">
                                        <right>40</right>
                                        <font>font_topbar_small</font>
                                        <align>right</align>
                                        <aligny>center</aligny>
                                        <textcolor>main_fg_30</textcolor>
                                        <label>$INFO[ListItem.Label]</label>
                                    </control>
                                </itemlayout>
                                <focusedlayout width="257.14" height="item_list_height">
                                    <control type="label">
                                        <right>40</right>
                                        <font>font_topbar</font>
                                        <align>right</align>
                                        <aligny>center</aligny>
                                        <textcolor>main_fg_100</textcolor>
                                        <label>$INFO[ListItem.Label]</label>
                                    </control>
                                </focusedlayout>
                                <content><include>skinshortcuts-mainmenu</include></content>
                            </control>
                        </control>
                        
                        <control type="group" id="99300">
                            <height>view_height</height>
                            <width>1800</width>
                            <include>Defs_InfoDialog_Visible</include>
                            <control type="grouplist" id="3000">
                                <top>-5</top>
                                <onup>301</onup>
                                <ondown>301</ondown>
                                <onleft>301</onleft>
                                <scrolltime tween="quadratic">400</scrolltime>
                                <height>view_height</height>
                                <width>1800</width>
                                <orientation>vertical</orientation>
                                <itemgap>-52</itemgap>
                                <usecontrolcoords>true</usecontrolcoords>
                                <control type="group" id="7999"><height>0</height></control>
                                <include>skinshortcuts-template-vertical-submenu</include>
                                <include>skinshortcuts-template-vertical-main</include>
                            </control>
                        </control>
                    </control>
                </control>
            </control>    
        </control>
    </controls>
</window>
