<?xml version="1.0" encoding="UTF-8"?>
<!-- Foundation -->
<window id="2600">
    <defaultcontrol always="true">50</defaultcontrol>
    <backgroundcolor>Background</backgroundcolor>
    <menucontrol>300</menucontrol>
    <controls>

        <include>Global_Background</include>
        <include>Topbar</include>
        <control type="list" id="300">
            <visible allowhiddenfocus="true">Control.HasFocus(300)</visible>
            <ondown>50</ondown>
            <include>Topbar_Menu_Layout</include>
            <include>Items_Weather</include>
        </control>
        
        <control type="group">
            <include>Weather</include>
        </control>

        <control type="button" id="50">
            <onleft>300</onleft>
            <onup>300</onup>
            <ondown>300</ondown>
            <onright>300</onright>
            <onclick>Weather.LocationNext</onclick>
            <include>Defs_Hidden_Button</include>
        </control>

        <!-- Refresh -->
        <control type="button" id="2">
            <onleft>300</onleft>
            <onup>300</onup>
            <ondown>300</ondown>
            <onright>300</onright>
            <onclick>SetFocus(300)</onclick>
            <onfocus>300</onfocus>
            <description>Refresh</description>
            <label>$LOCALIZE[184]</label>
            <include>Defs_Hidden_Button</include>
        </control>
        <!-- Change Location -->
        <control type="button" id="9002">
            <label>$LOCALIZE[31217]</label>
            <onclick>Weather.LocationNext</onclick>
            <include>Defs_Hidden_Button</include>
        </control>
        <!-- Weather Settings -->
        <control type="button" id="9004">
            <label>10140</label>
            <onclick>Addon.OpenSettings($INFO[Weather.Plugin])</onclick>
            <include>Defs_Hidden_Button</include>
        </control>
        <!-- Settings -->
        <control type="button" id="9005">
            <label>5</label>
            <onclick>ActivateWindow(ServiceSettings,weather)</onclick>
            <include>Defs_Hidden_Button</include>
        </control>
    </controls>

</window>
