<?xml version="1.0" encoding="UTF-8"?>
<window>
    <onload>SetProperty(SkinInitStarted,1,home)</onload>
    <onload>Skin.SetBool(TMDbHelper.Service)</onload>

   <!-- Skin Init -->
    <onload condition="!Skin.HasSetting(SkinInit)">Skin.SetString(weather.icons.path,weather/)</onload>
    <onload condition="!Skin.HasSetting(SkinInit)">Skin.SetBool(SubmenuOnly)</onload>
    <onload condition="!Skin.HasSetting(SkinInit)">Skin.SetString(widgetPath,special://skin/extras/playlists/RandomMovies.xsp)</onload>
    <onload condition="!Skin.HasSetting(SkinInit)">Skin.SetString(widgetTarget,videos)</onload>
    <onload condition="!Skin.HasSetting(SkinInit)">Skin.SetBool(SkinInit)</onload>

    <onload>ReplaceWindow($INFO[System.StartupWindow])</onload>

    <controls />
</window>
