<?xml version="1.0" encoding="UTF-8"?>
    <addon id="repository.trexx" name="T-Dawgs Kodi Repo" version="1.0.0" provider-name="trexx">
        <requires>
            <import addon="xbmc.addon" version="12.0.0"/>
        </requires>
        <extension point="xbmc.addon.repository" name="T-Dawgs Kodi Repo">
            <dir>
              <info compressed="false">https://raw.githubusercontent.com/trexx/repository.trexx/master/_repo/addons.xml</info>
              <checksum>https://raw.githubusercontent.com/trexx/repository.trexx/master/_repo/addons.xml.md5</checksum>
              <datadir zip="true">https://raw.githubusercontent.com/trexx/repository.trexx/master/_repo/</datadir>
              <hashes>false</hashes>
            </dir>
        </extension>
        <extension point="xbmc.addon.metadata">
            <summary>N/A</summary>
            <description>N/A</description>
            <platform>all</platform>
    </extension>
</addon>