<?xml version="1.0" encoding="UTF-8"?>
<window type="window" id="1133">
    <defaultcontrol always="true">5600</defaultcontrol>
    <backgroundcolor>Background</backgroundcolor>
    <onload>SetProperty(Header_Center_Text,$LOCALIZE[31049])</onload>
    <onload>SetProperty(Header_Left_Text,$LOCALIZE[342])</onload>
    <controls>
        <include>Global_Background</include>
        <include>Topbar</include>

        <control type="group">
            <visible allowhiddenfocus="true">!$EXP[Exp_ShowPlotOverlay]</visible>
            <include>Animation_FadeInOut</include>
            <include>View_Group</include>
            <control type="fixedlist" id="5600">
                <focusposition>2</focusposition>
                <movement>2</movement>
                <ondown>5610</ondown>
                <onclick>ActivateWindow(videos,$INFO[Container(5600).ListItem.DBID,videodb://movies/sets/,/],return)</onclick>
                <include content="View_TopItems">
                    <param name="id" value="5600" />
                    <param name="icon" value="$INFO[ListItem.Art(clearlogo)]" />
                    <param name="fallback" value="" />
                    <param name="bordersize" value="-64" />
                    <param name="itemwidth" value="item_square_width" />
                    <param name="clearlogo" value="true" />
                    <param name="itemlayout" value="View_TopItems_Decades_Itemlayout" />
                    <param name="overlaytext" value="true" />
                    <param name="label2" value="" />
                </include>
                <content sortorder="ascending" sortby="label">videodb://movies/sets/</content>
            </control>

            <control type="grouplist">
                <bottom>422.5</bottom>
                <height>140</height>
                <left>60</left>
                <right>60</right>
                <itemgap>0</itemgap>
                <align>center</align>
                <orientation>vertical</orientation>
                <control type="label">
                    <height>60</height>
                    <aligny>top</aligny>
                    <align>center</align>
                    <font>font_title_small</font>
                    <textcolor>main_fg_100</textcolor>
                    <label>$INFO[Container(5600).ListItem.Label]</label>
                    <visible>Control.HasFocus(5600)</visible>
                </control>
                <control type="label">
                    <height>60</height>
                    <aligny>top</aligny>
                    <align>center</align>
                    <font>font_title_small</font>
                    <textcolor>main_fg_100</textcolor>
                    <label>$INFO[Container(5610).ListItem.Label]$INFO[Container(5610).ListItem.Year, (,)]</label>
                    <visible>!Control.HasFocus(5600)</visible>
                </control>
                <control type="textbox">
                    <height max="80">auto</height>
                    <align>center</align>
                    <font>font_plotbox</font>
                    <textcolor>main_fg_70</textcolor>
                    <label>$INFO[ListItem.Plot]</label>
                </control>
            </control>

            <include content="Object_Widget_Spotlight">
                <param name="target" value="videos" />
                <param name="content" value="$INFO[Container(5600).ListItem.DBID,videodb://movies/sets/,]" />
                <param name="sortby" value="year" />
                <param name="sortorder" value="ascending" />
                <param name="controltype" value="fixedlist" />
                <param name="labelinclude" value="Defs_Null" />
                <param name="landscapelabelinclude" value="View_Widget_LandscapeLabel" />
                <param name="label2" value="ListItem.TvShowTitle" />
                <onup>5600</onup>
                <focusposition>3</focusposition>
                <movement>3</movement>
                <animation effect="slide" end="-122.14" condition="Integer.IsEqual(Container(5610).NumItems,6) | Integer.IsEqual(Container(5610).NumItems,4) | Integer.IsEqual(Container(5610).NumItems,2)">Conditional</animation>
            </include>
        </control>

        <include>Object_PlotOverlay</include>
    </controls>
</window>