<?xml version="1.0" encoding="UTF-8"?>
<!-- Foundation -->
<window id="2">
    <defaultcontrol always="true">50</defaultcontrol>
    <backgroundcolor>Background</backgroundcolor>
    <menucontrol>300</menucontrol>
    
    <views>50,500,510,511,513,515</views>
    <controls>
        <include>Global_Background</include>
        <include>Topbar</include>
        <control type="list" id="300">
            <visible allowhiddenfocus="true">Control.HasFocus(300)</visible>
            <ondown>50</ondown>
            <include>Topbar_Menu_Layout</include>
            <include>Items_View</include>
        </control>
        
        <control type="group">
            <visible allowhiddenfocus="true">!$EXP[Exp_ShowPlotOverlay]</visible>
            <include>Animation_FadeInOut</include>
            <include>View_50_List</include>
            <include>View_500_List_Square</include>
            <include>View_510_Wall_Square</include>
            <include>View_511_Wall_Landscape</include>
            <include>View_513_Wall_Circle</include>
            <include>View_515_Wall_Landscape_Small</include>
            <include>Object_Scrollbars</include>
        </control>

        <include>Defs_Options_StandardButtons</include>
        <control type="button" id="6">
            <description>Slideshow</description>
            <label>13317</label>
            <include>Defs_Hidden_Button</include>
        </control>
        <control type="radiobutton" id="9">
            <description>Randomise</description>
            <label>$LOCALIZE[13319] $LOCALIZE[108]</label>
            <include>Defs_Hidden_Button</include>
        </control>
    </controls>

</window>
