<?xml version="1.0" encoding="utf-8"?>
<window>
    <backgroundcolor>0xff00ff00</backgroundcolor>
	<defaultcontrol always="true">6</defaultcontrol>
	<controls>
		<control type="group">
            <include content="Dialog_Standard_Group">
                <param name="width" value="1690" />
                <param name="height" value="370" />
                <param name="animation" value="false" />
                <param name="centertop" value="570" />
            </include>

            <control type="label" id="1">
                <include>Dialog_Standard_Header</include>
                <label>1</label>
            </control>

			<control type="panel" id="6">
				<left>20</left>
                <top>120</top>
				<width>1280</width>
                <height>608</height>
				<onright>9001</onright>
				<orientation>vertical</orientation>
				<viewtype label="100">icon</viewtype>
				<itemlayout height="38" width="41">
                    <control type="image">
                        <width>92%</width>
                        <height>92%</height>
                        <texture border="0">primatives/square.png</texture>
                        <colordiffuse>$INFO[ListItem.Label2]</colordiffuse>
                    </control>
				</itemlayout>
				<focusedlayout height="80" width="146">
					<control type="group">
                        <animation effect="zoom" time="200" tween="sine" easing="inout" start="100" end="150" center="18,19">Focus</animation>
						<control type="image">
                            <width>37</width>
                            <height>34</height>
							<texture border="0">primatives/square.png</texture>
							<colordiffuse>$INFO[ListItem.Label2]</colordiffuse>
						</control>
					</control>
				</focusedlayout>
			</control>

            <control type="grouplist" id="9001">
                <include>Dialog_Standard_Right_Group</include>
                <onleft>6</onleft>
                <control type="button" id="7">
                    <label>$LOCALIZE[222]</label>
                    <include>Dialog_Standard_Right_Buttons</include>
                </control>
            </control>

		</control>
	</controls>
</window>