<?xml version="1.0" encoding="UTF-8"?>
<includes>

    <include name="View_Bookmarks_Label">
        <control type="label">
            <left>15</left>
            <right>15</right>
            <font>font_statusbar</font>
            <selectedcolor>panel_fg_100</selectedcolor>
            <textcolor>panel_fg_100</textcolor>
            <top>$PARAM[iconheight]</top>
            <bottom>25</bottom>
            <aligny>center</aligny>
            <align>left</align>
            <label>$INFO[ListItem.Label]</label>
        </control>
        <control type="label">
            <left>15</left>
            <right>15</right>
            <font>font_statusbar</font>
            <selectedcolor>panel_fg_100</selectedcolor>
            <textcolor>panel_fg_100</textcolor>
            <top>$PARAM[iconheight]</top>
            <bottom>25</bottom>
            <aligny>center</aligny>
            <align>right</align>
            <label>$INFO[ListItem.Label2]</label>
        </control>
    </include>

    <include name="View_FlipSides_Right">
        <right>-30</right>
    </include>
    <include name="View_FlipSides_Left">
        <left>0</left>
    </include>
    <include name="View_FlipSides">
        <include condition="!Skin.HasSetting(FlipSide)">View_FlipSides_Right</include>
        <include condition="Skin.HasSetting(FlipSide)">View_FlipSides_Left</include>
    </include>

    <include name="View_Wall_FlipSides_Right">
        <left>-15</left>
    </include>
    <include name="View_Wall_FlipSides_Left">
        <right>-15</right>
    </include>
    <include name="View_Wall_FlipSides">
        <include condition="!Skin.HasSetting(FlipSide)">View_Wall_FlipSides_Right</include>
        <include condition="Skin.HasSetting(FlipSide)">View_Wall_FlipSides_Left</include>
    </include>

    <include name="View_Settings_Itemlayout">
        <param name="icon" default="$INFO[ListItem.Icon]" />
        <param name="labelinclude" default="View_51_Wall_Label" />
        <param name="aspectratio" default="scale" />
        <param name="diffuse" default="diffuse/poster-wall.png" /> <!-- FIX ME -->
        <param name="colordiffuse" default="panel_fg_70" />
        <definition>
            <control type="group">
                <right>10</right>
                <bottom>10</bottom>
                <include content="Object_Geometric">
                    <param name="diffuse" value="$PARAM[diffuse]" />
                </include>
                <control type="image">
                    <top>20</top>
                    <centerleft>50%</centerleft>
                    <width>128</width>
                    <height>128</height>
                    <texture colordiffuse="$PARAM[colordiffuse]">$INFO[ListItem.Icon]</texture>
                </control>
                <control type="label">
                    <left>15</left>
                    <right>15</right>
                    <font>font_tiny_bold</font>
                    <textcolor>$PARAM[colordiffuse]</textcolor>
                    <height>30</height>
                    <bottom>40</bottom>
                    <aligny>center</aligny>
                    <align>center</align>
                    <label>$VAR[Label_IconWall]</label>
                </control>
                <control type="group">
                    <visible>Control.HasFocus($PARAM[id])</visible>
                    <include condition="$PARAM[selectbox]">View_Selectbox</include>
                </control>
            </control>
            
        </definition>
    </include>

    <include name="View_Cast">
        <top>52</top>
        <right>-10</right>
        <preloaditems>2</preloaditems>
    </include>

    <include name="View_Cast_Toplabel">
        <param name="altid" default="999999" />
        <param name="uselabel2" default="false" />
        <param name="spinner-visible" default="true" />
        <definition>
            <control type="group" id="$PARAM[groupid]">
                <top>52</top>
                <height>52</height>
                <visible>Integer.IsGreater(Container($PARAM[id]).NumItems,0) | Container($PARAM[id]).IsUpdating</visible>
                <nested />
                <control type="grouplist">
                    <height>52</height>
                    <orientation>horizontal</orientation>
                    <usecontrolcoords>true</usecontrolcoords>
                    <itemgap>10</itemgap>
                    <control type="label">
                        <top>20</top>
                        <left>15</left>
                        <width>auto</width>
                        <label>$PARAM[label]</label>
                        <aligny>center</aligny>
                        <textcolor>main_fg_100</textcolor>
                        <font>font_tiny_bold</font>
                        <height>24</height>
                        <visible>Integer.IsGreater(Container($PARAM[id]).NumItems,0) | Container($PARAM[id]).IsUpdating</visible>
                        <visible>Control.HasFocus($PARAM[id]) | Control.HasFocus($PARAM[altid])</visible>
                    </control>
                    <control type="label">
                        <top>20</top>
                        <left>15</left>
                        <width>auto</width>
                        <label>$PARAM[label]</label>
                        <aligny>center</aligny>
                        <textcolor>main_fg_30</textcolor>
                        <font>font_tiny_bold</font>
                        <height>24</height>
                        <visible>Integer.IsGreater(Container($PARAM[id]).NumItems,0) | Container($PARAM[id]).IsUpdating</visible>
                        <visible>![Control.HasFocus($PARAM[id]) | Control.HasFocus($PARAM[altid])]</visible>
                    </control>
                    <control type="label">
                        <top>20</top>
                        <width>auto</width>
                        <label>|</label>
                        <aligny>center</aligny>
                        <textcolor>$VAR[ColorHighlight]</textcolor>
                        <font>font_tiny_bold</font>
                        <height>24</height>
                        <visible>Control.HasFocus($PARAM[id]) | Control.HasFocus($PARAM[altid])</visible>
                        <visible>!String.IsEmpty(Container($PARAM[id]).ListItem.Label)</visible>
                        <visible>Integer.IsGreater(Container($PARAM[id]).NumItems,0) + !Container($PARAM[id]).IsUpdating</visible>
                    </control>
                    <!-- Start TMDB Helper air day -->
                    <control type="label">
                        <top>20</top>
                        <width>auto</width>
                        <label>$INFO[Container($PARAM[id]).ListItem.Property(air_day)]</label>
                        <aligny>center</aligny>
                        <textcolor>main_fg_100</textcolor>
                        <font>font_tiny_bold</font>
                        <height>24</height>
                        <visible>Integer.IsGreater(Container($PARAM[id]).NumItems,0) | Container($PARAM[id]).IsUpdating</visible>
                        <visible>!String.IsEmpty(Container($PARAM[id]).ListItem.Property(air_day))</visible>
                        <visible>Control.HasFocus($PARAM[id]) | Control.HasFocus($PARAM[altid])</visible>
                    </control>
                    <control type="label">
                        <top>20</top>
                        <width>auto</width>
                        <label>|</label>
                        <aligny>center</aligny>
                        <textcolor>$VAR[ColorHighlight]</textcolor>
                        <font>font_tiny_bold</font>
                        <height>24</height>
                        <visible>Control.HasFocus($PARAM[id]) | Control.HasFocus($PARAM[altid])</visible>
                        <visible>!String.IsEmpty(Container($PARAM[id]).ListItem.Property(air_day))</visible>
                        <visible>Integer.IsGreater(Container($PARAM[id]).NumItems,0) + !Container($PARAM[id]).IsUpdating</visible>
                    </control>
                    <!-- End TMDB Helper air day -->
                    <control type="label">
                        <top>20</top>
                        <width>auto</width>
                        <label>$INFO[Container($PARAM[id]).ListItem.Label]</label>
                        <aligny>center</aligny>
                        <textcolor>main_fg_100</textcolor>
                        <font>font_tiny</font>
                        <height>24</height>
                        <visible>Control.HasFocus($PARAM[id]) | Control.HasFocus($PARAM[altid])</visible>
                        <visible>Integer.IsGreater(Container($PARAM[id]).NumItems,0) + !Container($PARAM[id]).IsUpdating</visible>
                        <visible>!String.IsEqual(Container($PARAM[id]).ListItem.DBType,episode)</visible>
                        <visible>!$PARAM[uselabel2]</visible>
                    </control>
                    <control type="group">
                        <include>Defs_SmallBusySpinner</include>
                        <top>8</top>
                        <left>14</left>
                        <visible>Container($PARAM[id]).IsUpdating</visible>
                        <visible>$PARAM[spinner-visible]</visible>
                    </control>
                    <control type="label">
                        <top>20</top>
                        <width>auto</width>
                        <label>$INFO[Container($PARAM[id]).ListItem.Year, (,)]</label>
                        <aligny>center</aligny>
                        <textcolor>main_fg_100</textcolor>
                        <font>font_tiny</font>
                        <height>24</height>
                        <visible>Control.HasFocus($PARAM[id]) | Control.HasFocus($PARAM[altid])</visible>
                        <visible>Integer.IsGreater(Container($PARAM[id]).NumItems,0) + !Container($PARAM[id]).IsUpdating</visible>
                        <visible>!String.IsEqual(Container($PARAM[id]).ListItem.DBType,episode)</visible>
                        <visible>!$PARAM[uselabel2]</visible>
                    </control>
                    <control type="label">
                        <top>20</top>
                        <width>auto</width>
                        <label>$INFO[Container($PARAM[id]).ListItem.TvShowTitle,, - ]$INFO[Container($PARAM[id]).ListItem.Label]</label>
                        <aligny>center</aligny>
                        <textcolor>main_fg_100</textcolor>
                        <font>font_tiny</font>
                        <height>24</height>
                        <visible>Control.HasFocus($PARAM[id]) | Control.HasFocus($PARAM[altid])</visible>
                        <visible>Integer.IsGreater(Container($PARAM[id]).NumItems,0) + !Container($PARAM[id]).IsUpdating</visible>
                        <visible>String.IsEqual(Container($PARAM[id]).ListItem.DBType,episode)</visible>
                        <visible>!$PARAM[uselabel2]</visible>
                    </control>
                    <control type="label">
                        <top>20</top>
                        <width>auto</width>
                        <label>$PARAM[label2]</label>
                        <aligny>center</aligny>
                        <textcolor>main_fg_100</textcolor>
                        <font>font_tiny</font>
                        <height>24</height>
                        <visible>Control.HasFocus($PARAM[id]) | Control.HasFocus($PARAM[altid])</visible>
                        <visible>Integer.IsGreater(Container($PARAM[id]).NumItems,0) + !Container($PARAM[id]).IsUpdating</visible>
                        <visible>$PARAM[uselabel2]</visible>
                    </control>
                </control>
            </control>
        </definition>
    </include>

    <include name="View_Widget_LandscapeLabel">
        <include content="View_Cast_Label">
            <param name="label2" value="$PARAM[label2]" />
            <param name="bordersize" value="$PARAM[bordersize]" />
            <param name="iconheight" value="$PARAM[iconheight]" />
            <param name="diffuse" value="$PARAM[diffuse]" />
            <param name="visible" value="String.IsEqual(ListItem.DBType,episode) + !String.IsEqual(ListItem.Label,ListItem.TvShowTitle)" />
        </include>
    </include>

    <include name="View_Cast_Label">
        <param name="label2" default="ListItem.Label2" />
        <param name="bordersize" default="15" />
        <param name="visible" default="true" />
        <definition>
            <control type="group">
                <visible>$PARAM[visible]</visible>
                <height>$PARAM[iconheight]</height>
                <control type="image">
                    <height>200</height>
                    <bottom>0</bottom>
                    <bordersize>$PARAM[bordersize]</bordersize>
                    <texture colordiffuse="bf000000" diffuse="$PARAM[diffuse]">common/gradient-actor.png</texture>
                </control>
                <control type="label">
                    <left>25</left>
                    <right>25</right>
                    <font>font_statusbar</font>
                    <textcolor>panel_fg_100</textcolor>
                    <bottom>45</bottom>
                    <height>30</height>
                    <aligny>center</aligny>
                    <align>left</align>
                    <label>$INFO[ListItem.Label]</label>
                    <visible>!String.IsEmpty($PARAM[label2]) + !String.IsEqual(ListItem.Label,$PARAM[label2])</visible>
                </control>
                <control type="label">
                    <left>25</left>
                    <right>25</right>
                    <font>font_statusbar</font>
                    <textcolor>panel_fg_70</textcolor>
                    <height>30</height>
                    <bottom>20</bottom>
                    <aligny>center</aligny>
                    <align>left</align>
                    <info>$PARAM[label2]</info>
                    <visible>!String.IsEmpty($PARAM[label2]) + !String.IsEqual(ListItem.Label,$PARAM[label2])</visible>
                </control>
                <control type="label">
                    <left>25</left>
                    <right>25</right>
                    <font>font_statusbar</font>
                    <textcolor>panel_fg_100</textcolor>
                    <bottom>20</bottom>
                    <height>30</height>
                    <aligny>center</aligny>
                    <align>left</align>
                    <label>$INFO[ListItem.Label]</label>
                    <visible>String.IsEmpty($PARAM[label2]) | String.IsEqual(ListItem.Label,$PARAM[label2])</visible>
                </control>
            </control>
        </definition>
    </include>

    <include name="View_Cast_Job_Label">
        <include content="View_Cast_Label">
            <param name="label2" value="ListItem.Property(job)" />
            <param name="iconheight" value="$PARAM[iconheight]" />
        </include>
    </include>
    <include name="View_Cast_Character_Label">
        <include content="View_Cast_Label">
            <param name="label2" value="ListItem.Property(character)" />
            <param name="iconheight" value="$PARAM[iconheight]" />
        </include>
    </include>
    <include name="View_Cast_Video_Label">
        <param name="label2" default="ListItem.Duration" />
        <definition>
            <include content="View_Cast_Label">
                <param name="label2" value="$PARAM[label2]" />
                <param name="iconheight" value="$PARAM[iconheight]" />
            </include>
        </definition>
    </include>

    <include name="View_Standard">
        <top>-15</top>
        <left>-15</left>
        <right>-25</right>
        <preloaditems>2</preloaditems>
        <pagecontrol>60</pagecontrol>
        <oninfo condition="ListItem.IsCollection">ActivateWindow(1140)</oninfo>
    </include>

    <include name="View_Vertical_Movement">
        <onleft>SetFocus(300)</onleft>
        <onright>60</onright>
    </include>
    <include name="View_Horizontal_Movement">
        <oninfo condition="ListItem.IsCollection">ActivateWindow(1140)</oninfo>
        <onup>SetFocus(300)</onup>
        <ondown>62</ondown>
    </include>

    <include name="View_Vertical">
        <oninfo condition="ListItem.IsCollection">ActivateWindow(1140)</oninfo>
        <onleft>SetFocus(300)</onleft>
        <onright>60</onright>
        <orientation>vertical</orientation>
    </include>

    <include name="View_Horizontal">
        <oninfo condition="ListItem.IsCollection">ActivateWindow(1140)</oninfo>
        <onup>SetFocus(300)</onup>
        <ondown>60</ondown>
        <orientation>horizontal</orientation>
    </include>

    <include name="View_Vertical_Cast">
        <onback>8000</onback>
        <orientation>vertical</orientation>
    </include>
    <include name="View_Vertical_Back">
        <onback>8000</onback>
        <orientation>vertical</orientation>
    </include>
    <include name="View_Horizontal_Back">
        <onback>SetFocus(5050)</onback>
        <onback>8000</onback>
        <orientation>horizontal</orientation>
    </include>

    <include name="View_TopItems_Itemlayout">
        <param name="icon" default="$INFO[ListItem.Icon]" />
        <param name="bordersize" default="0" />
        <definition>
            <control type="group">
                <top>0</top>
                <right>10</right>
                <bottom>$PARAM[textbox_height]</bottom>
                <include content="Object_Geometric">
                    <param name="diffuse" value="$PARAM[diffuse]" />
                </include>
                <control type="image">
                    <centertop>50%</centertop>
                    <centerleft>50%</centerleft>
                    <width>96</width>
                    <height>96</height>
                    <aspectratio>keep</aspectratio>
                    <bordersize>$PARAM[bordersize]</bordersize>
                    <texture background="true" fallback="$PARAM[fallback]">$PARAM[icon]</texture>
                </control>
                <nested />
            </control>
            <control type="textbox">
                <bottom>0</bottom>
                <left>15</left>
                <right>25</right>
                <font>font_tiny</font>
                <textcolor>main_fg_100</textcolor>
                <height>$PARAM[textbox_height]</height>
                <aligny>top</aligny>
                <align>center</align>
                <label>$INFO[ListItem.Label]</label>
            </control>
        </definition>
    </include>

    <include name="View_TopItems_Decades_Itemlayout">
        <param name="label2" default="$INFO[ListItem.Label]" />
        <param name="country" default="false" />
        <param name="studio" default="false" />
        <param name="clearlogo" default="false" />
        <param name="overlaytext" default="String.IsEmpty(ListItem.Icon)" />
        <definition>
            <control type="group">
                <top>0</top>
                <right>10</right>
                <bottom>$PARAM[textbox_height]</bottom>
                <include content="Object_Geometric">
                    <param name="diffuse" value="$PARAM[diffuse]" />
                </include>
                <control type="image">
                    <bordersize>15</bordersize>
                    <aspectratio>keep</aspectratio>
                    <texture background="true" fallback="DefaultCountry.png" colordiffuse="panel_fg_30">$INFO[ListItem.Label,resource://resource.images.moviecountryicons.maps/,.png]</texture>
                    <visible>String.IsEqual(ListItem.DBType,country)</visible>
                </control>
                <control type="textbox">
                    <left>30</left>
                    <right>30</right>
                    <top>20</top>
                    <bottom>20</bottom>
                    <align>center</align>
                    <aligny>center</aligny>
                    <font>font_small_bold</font>
                    <textcolor>panel_fg_100</textcolor>
                    <label>$INFO[ListItem.Label]</label>
                    <visible>String.IsEqual(ListItem.DBType,country) | String.IsEqual(ListItem.DBType,director) | String.IsEqual(ListItem.DBType,year) | $PARAM[overlaytext]</visible>
                </control>
                <control type="image">
                    <bordersize>45</bordersize>
                    <aspectratio>keep</aspectratio>
                    <texture background="true">$INFO[ListItem.Icon]</texture>
                    <visible>![String.IsEqual(ListItem.DBType,country) | String.IsEqual(ListItem.DBType,director) | String.IsEqual(ListItem.DBType,year)] + !$PARAM[overlaytext]</visible>
                </control>

                <nested />
            </control>
            <control type="textbox">
                <bottom>0</bottom>
                <left>15</left>
                <right>25</right>
                <font>font_tiny</font>
                <textcolor>main_fg_100</textcolor>
                <height>$PARAM[textbox_height]</height>
                <aligny>top</aligny>
                <align>center</align>
                <label>$PARAM[label2]</label>
            </control>
        </definition>
    </include>

    <include name="View_TopItems">
        <param name="itemwidth" default="item_poster_width" />
        <param name="itemheight" default="294.28" />
        <param name="height" default="294.28" />
        <param name="textbox_height" default="100" />
        <param name="itemlayout" default="View_TopItems_Itemlayout" />
        <param name="id" default="5600" />
        <param name="diffuse" default="diffuse/topitems.png" /> <!-- FIX THIS -->
        <definition>
            <top>-15</top>
            <left>-15</left>
            <right>-25</right>
            <height>$PARAM[height]</height>
            <preloaditems>2</preloaditems>
            <orientation>horizontal</orientation>
            <itemlayout width="$PARAM[itemwidth]" height="$PARAM[itemheight]">
                <include content="$PARAM[itemlayout]">
                    <param name="textbox_height" value="$PARAM[textbox_height]" />
                    <param name="icon" value="$PARAM[icon]" />
                    <param name="bordersize" value="$PARAM[bordersize]" />
                    <param name="fallback" value="$PARAM[fallback]" />
                    <param name="country" value="$PARAM[country]" />
                    <param name="studio" value="$PARAM[studio]" />
                    <param name="clearlogo" value="$PARAM[clearlogo]" />
                    <param name="label2" value="$PARAM[label2]" />
                    <param name="overlaytext" value="$PARAM[overlaytext]" />
                    <param name="diffuse" value="$PARAM[diffuse]" />
                </include>
            </itemlayout>
            <focusedlayout width="$PARAM[itemwidth]" height="$PARAM[itemheight]">
                <include content="$PARAM[itemlayout]">
                    <param name="textbox_height" value="$PARAM[textbox_height]" />
                    <param name="icon" value="$PARAM[icon]" />
                    <param name="bordersize" value="$PARAM[bordersize]" />
                    <param name="fallback" value="$PARAM[fallback]" />
                    <param name="country" value="$PARAM[country]" />
                    <param name="studio" value="$PARAM[studio]" />
                    <param name="clearlogo" value="$PARAM[clearlogo]" />
                    <param name="label2" value="$PARAM[label2]" />
                    <param name="overlaytext" value="$PARAM[overlaytext]" />
                    <param name="diffuse" value="$PARAM[diffuse]" />
                    <control type="group">
                        <visible>Control.HasFocus($PARAM[id])</visible>
                        <include content="View_Selectbox">
                            <param name="overlay" value="false" />
                        </include>
                    </control>
                </include>
            </focusedlayout>
        </definition>
    </include>

    <include name="View_Settings">
        <param name="animation" default="Defs_Null" />
        <param name="top" default="52" />
        <param name="hideonwindowopen" default="!Window.IsVisible(Settings.xml)" />
        <definition>
            <control type="group">
                <animation effect="fade" start="100" end="0" time="300" condition="$PARAM[hideonwindowopen]">WindowOpen</animation>
                <include content="View_Group">
                    <param name="animation" value="$PARAM[animation]" />
                </include>
                <control type="label">
                    <top>0</top>
                    <left>0</left>
                    <width>auto</width>
                    <label>Management</label>
                    <aligny>center</aligny>
                    <textcolor>main_fg_100</textcolor>
                    <font>font_tiny_bold</font>
                    <height>24</height>
                    <visible>Window.IsActive(10004)</visible>
                    <visible>Control.HasFocus(5000)</visible>
                </control>
                <control type="label">
                    <top>0</top>
                    <left>0</left>
                    <width>auto</width>
                    <label>Management</label>
                    <aligny>center</aligny>
                    <textcolor>main_fg_30</textcolor>
                    <font>font_tiny_bold</font>
                    <height>24</height>
                    <visible>Window.IsActive(10004)</visible>
                    <visible>!Control.HasFocus(5000)</visible>
                </control>
                <control type="group">
                    <top>$PARAM[top]</top>
                    <include content="View_51_Wall_Container">
                        <param name="id" value="5000" />
                        <param name="height" value="275" />
                        <param name="itemlayout" value="View_Settings_Itemlayout" />
                        <param name="colordiffuse_nf" value="$VAR[Defs_SettingsPanel_NF]" />
                        <param name="colordiffuse_fo" value="panel_fg_100" />
                        <param name="itemwidth" value="450" />
                        <param name="itemheight" value="230" />
                        <param name="iconheight" value="230" />
                        <param name="diffuse" value="diffuse/icon-wall.png" />
                        <param name="forced" value="false" />
                        <param name="visible" value="true" />
                        <param name="orientation" value="horizontal" />
                        <onup condition="Window.IsVisible(Home)">301</onup>
                        <onback condition="Window.IsVisible(Home)">301</onback>
                        <onleft condition="Window.IsVisible(Home)">301</onleft>
                        <onright condition="Window.IsVisible(Home)">noop</onright>
                        <ondown condition="Container(5000).Column(0)">SetFocus(5100,0)</ondown>
                        <ondown condition="Container(5000).Column(1)">SetFocus(5100,1)</ondown>
                        <ondown condition="Container(5000).Column(2)">SetFocus(5100,2)</ondown>
                        <ondown condition="Container(5000).Column(3)">SetFocus(5100,3)</ondown>
                        <include condition="Window.IsActive(10004)">Items_Settings_System</include>
                    </include>
                </control>
                <control type="group">
                    <top>360</top>
                    <control type="label">
                        <top>-52</top>
                        <left>0</left>
                        <width>auto</width>
                        <label>Settings</label>
                        <aligny>center</aligny>
                        <textcolor>main_fg_100</textcolor>
                        <font>font_tiny_bold</font>
                        <height>24</height>
                        <visible>Window.IsActive(10004)</visible>
                        <visible>Control.HasFocus(5100)</visible>
                    </control>
                    <control type="label">
                        <top>-52</top>
                        <left>0</left>
                        <width>auto</width>
                        <label>Settings</label>
                        <aligny>center</aligny>
                        <textcolor>main_fg_30</textcolor>
                        <font>font_tiny_bold</font>
                        <height>24</height>
                        <visible>Window.IsActive(10004)</visible>
                        <visible>!Control.HasFocus(5100)</visible>
                    </control>
                    <include content="View_51_Wall_Container">
                        <param name="id" value="5100" />
                        <param name="height" value="550" />
                        <param name="itemlayout" value="View_Settings_Itemlayout" />
                        <param name="colordiffuse_nf" value="$VAR[Defs_SettingsPanel_NF]" />
                        <param name="colordiffuse_fo" value="panel_fg_100" />
                        <param name="itemwidth" value="450" />
                        <param name="itemheight" value="230" />
                        <param name="iconheight" value="230" />
                        <param name="diffuse" value="diffuse/icon-wall.png" />
                        <param name="forced" value="false" />
                        <param name="visible" value="true" />
                        <param name="orientation" value="vertical" />
                        <onback condition="Window.IsVisible(Home)">301</onback>
                        <ondown condition="Window.IsVisible(Home)">301</ondown>
                        <onleft condition="Window.IsVisible(Home)">301</onleft>
                        <onright condition="Window.IsVisible(Home)">noop</onright>
                        <onup condition="Container(5100).Column(0)">SetFocus(5000,0)</onup>
                        <onup condition="Container(5100).Column(1)">SetFocus(5000,1)</onup>
                        <onup condition="Container(5100).Column(2)">SetFocus(5000,2)</onup>
                        <onup condition="Container(5100).Column(3)">SetFocus(5000,3)</onup>
                        <ondown>noop</ondown>
                        <include condition="Window.IsActive(10004)">Items_Settings_Main</include>
                    </include>
                </control>
            </control>
        </definition>
    </include>

    <include name="View_Group">
        <param name="infohide" default="true" />
        <param name="animation" default="Animation_Common" />
        <param name="bottom" default="view_bottom" />
        <definition>
            <include content="View_Pad">
                <param name="bottom" value="$PARAM[bottom]" />
            </include>
            <include>$PARAM[animation]</include>
            <include condition="$PARAM[infohide]">Defs_InfoDialog_Visible</include>
        </definition>
    </include>

    <include name="View_Pad">
        <param name="bottom" default="view_bottom" />
        <definition>
            <top>view_top</top>
            <bottom>$PARAM[bottom]</bottom>
            <left>view_pad</left>
            <right>view_pad</right>
        </definition>
    </include>

    <include name="View_WatchedOverlay">
        <control type="group">
            <visible>!Skin.HasSetting(DisableWatchedOverlay)</visible>
            <control type="image">
                <top>15</top>
                <right>15</right>
                <width>48</width>
                <height>48</height>
                <texture colordiffuse="ff000000">$VAR[Image_Overlay_Corner]</texture>
            </control>
            <control type="image">
                <top>16</top>
                <right>16</right>
                <width>24</width>
                <height>24</height>
                <texture colordiffuse="ffffffff">$VAR[Image_Overlay]</texture>
                <visible>!Integer.IsGreater(ListItem.Property(UnWatchedEpisodes),0) | ![String.IsEqual(ListItem.DBType,tvshow) | String.IsEqual(ListItem.DBType,season)]</visible>
            </control>
            <control type="label">
                <top>15</top>
                <right>15</right>
                <width>28</width>
                <height>28</height>
                <font>font_unwatched</font>
                <align>center</align>
                <textcolor>ffededed</textcolor>
                <label>$INFO[ListItem.Property(UnWatchedEpisodes)]</label>
                <include>View_UnwatchedEpisodes_Visible</include>
            </control>
        </control>
    </include>

    <include name="View_WatchedOverlay_Focus">
        <control type="group">
            <visible>!Skin.HasSetting(DisableWatchedOverlay)</visible>
            <control type="image">
                <top>15</top>
                <right>15</right>
                <width>48</width>
                <height>48</height>
                <texture colordiffuse="$VAR[ColorHighlight2]">$VAR[Image_Overlay_Corner]</texture>
            </control>
            <control type="image">
                <top>16</top>
                <right>16</right>
                <width>24</width>
                <height>24</height>
                <texture colordiffuse="panel_bg">$VAR[Image_Overlay_Focus]</texture>
                <visible>!Integer.IsGreater(ListItem.Property(UnWatchedEpisodes),0) | ![Container.Content(tvshows) | Container.Content(seasons) | Window.IsVisible(Home)]</visible>
            </control>
            <control type="label">
                <top>15</top>
                <right>15</right>
                <width>28</width>
                <height>28</height>
                <font>font_unwatched</font>
                <align>center</align>
                <textcolor>panel_bg</textcolor>
                <label>$INFO[ListItem.Property(UnWatchedEpisodes)]</label>
                <include>View_UnwatchedEpisodes_Visible</include>
            </control>
        </control>
    </include>

    <include name="View_UnwatchedEpisodes_Visible">
        <visible>Integer.IsGreater(ListItem.Property(UnWatchedEpisodes),0) + [String.IsEqual(ListItem.DBType,tvshow) | String.IsEqual(ListItem.DBType,season)]</visible>
        <visible>!ListItem.IsCollection</visible>
    </include>

    <include name="View_Selectbox">
        <param name="overlay" default="true" />
        <param name="pad" default="-7" />
        <param name="colordiffuse" default="$VAR[ColorHighlight2]" />
        <param name="focusbounce" default="true" />
        <definition>
            <control type="group">
                <animation type="Focus" condition="$PARAM[focusbounce]">
                    <effect type="zoom" start="96.5" end="100" time="150" tween="sine" easing="inout" center="auto"/>
                    <effect type="fade" start="20" end="100" time="150" tween="back" easing="out"/>
                </animation>
                <control type="group">
                    <left>$PARAM[pad]</left>
                    <top>$PARAM[pad]</top>
                    <right>$PARAM[pad]</right>
                    <bottom>$PARAM[pad]</bottom>
                    <control type="image">
                        <bordersize>15</bordersize>
                        <texture border="20" colordiffuse="$PARAM[colordiffuse]">common/selectbox.png</texture>
                    </control>
                </control>
                <include condition="$PARAM[overlay]">View_WatchedOverlay_Focus</include>
            </control>
        </definition>
    </include>

    <include name="View_Movement_Horizontal">
        <onright condition="Control.IsVisible(60)">60</onright>
        <onright condition="!Control.IsVisible(60)">300</onright>
        <onleft>300</onleft>
    </include>

    <include name="View_Movement_Vertical">
        <ondown condition="Control.IsVisible(60)">60</ondown>
        <ondown condition="!Control.IsVisible(60)">300</ondown>
        <onup>300</onup>
    </include>

    <include name="View_Forced">
        <visible>[Container.Content(games) + [String.IsEqual(Skin.String(Skin.ForcedView.games),$PARAM[string]) | String.IsEmpty(Skin.String(Skin.ForcedView.games))]] | [Container.Content(movies) + [String.IsEqual(Skin.String(Skin.ForcedView.movies),$PARAM[string]) | String.IsEmpty(Skin.String(Skin.ForcedView.movies))]] | [Container.Content(sets) + [String.IsEqual(Skin.String(Skin.ForcedView.sets),$PARAM[string]) | String.IsEmpty(Skin.String(Skin.ForcedView.sets))]] | [Container.Content(tvshows) + [String.IsEqual(Skin.String(Skin.ForcedView.tvshows),$PARAM[string]) | String.IsEmpty(Skin.String(Skin.ForcedView.tvshows))]] | [Container.Content(seasons) + [String.IsEqual(Skin.String(Skin.ForcedView.seasons),$PARAM[string]) | String.IsEmpty(Skin.String(Skin.ForcedView.seasons))]] | [Container.Content(episodes) + [String.IsEqual(Skin.String(Skin.ForcedView.episodes),$PARAM[string]) | String.IsEmpty(Skin.String(Skin.ForcedView.episodes))]] | [Container.Content(actors) + [String.IsEqual(Skin.String(Skin.ForcedView.actors),$PARAM[string]) | String.IsEmpty(Skin.String(Skin.ForcedView.actors))]] | [Container.Content(artists) + [String.IsEqual(Skin.String(Skin.ForcedView.artists),$PARAM[string]) | String.IsEmpty(Skin.String(Skin.ForcedView.artists))]] | [Container.Content(albums) + [String.IsEqual(Skin.String(Skin.ForcedView.albums),$PARAM[string]) | String.IsEmpty(Skin.String(Skin.ForcedView.albums))]] | [Container.Content(songs) + [String.IsEqual(Skin.String(Skin.ForcedView.songs),$PARAM[string]) | String.IsEmpty(Skin.String(Skin.ForcedView.songs))]] | [Container.Content(addons) + [String.IsEqual(Skin.String(Skin.ForcedView.addons),$PARAM[string]) | String.IsEmpty(Skin.String(Skin.ForcedView.addons))]] | [Container.Content(genres) + [String.IsEqual(Skin.String(Skin.ForcedView.genres),$PARAM[string]) | String.IsEmpty(Skin.String(Skin.ForcedView.genres))]] | [Container.Content(images) + [String.IsEqual(Skin.String(Skin.ForcedView.images),$PARAM[string]) | String.IsEmpty(Skin.String(Skin.ForcedView.images))]] | [Container.Content(videos) + [String.IsEqual(Skin.String(Skin.ForcedView.videos),$PARAM[string]) | String.IsEmpty(Skin.String(Skin.ForcedView.videos))]] | [Container.Content() + [String.IsEqual(Skin.String(Skin.ForcedView.),$PARAM[string]) | String.IsEmpty(Skin.String(Skin.ForcedView.))]] | [Container.Content(tags) + [String.IsEqual(Skin.String(Skin.ForcedView.tags),$PARAM[string]) | String.IsEmpty(Skin.String(Skin.ForcedView.tags))]] | [Container.Content(years) + [String.IsEqual(Skin.String(Skin.ForcedView.years),$PARAM[string]) | String.IsEmpty(Skin.String(Skin.ForcedView.years))]] | [Container.Content(countries) + [String.IsEqual(Skin.String(Skin.ForcedView.countries),$PARAM[string]) | String.IsEmpty(Skin.String(Skin.ForcedView.countries))]] | [Container.Content(studios) + [String.IsEqual(Skin.String(Skin.ForcedView.studios),$PARAM[string]) | String.IsEmpty(Skin.String(Skin.ForcedView.studios))]] | [Container.Content(playlists) + [String.IsEqual(Skin.String(Skin.ForcedView.playlists),$PARAM[string]) | String.IsEmpty(Skin.String(Skin.ForcedView.playlists))]] | [Container.Content(musicvideos) + [String.IsEqual(Skin.String(Skin.ForcedView.musicvideos),$PARAM[string]) | String.IsEmpty(Skin.String(Skin.ForcedView.musicvideos))]] | [Container.Content(directors) + [String.IsEqual(Skin.String(Skin.ForcedView.directors),$PARAM[string]) | String.IsEmpty(Skin.String(Skin.ForcedView.directors))]] | [Container.Content(files) + [String.IsEqual(Skin.String(Skin.ForcedView.files),$PARAM[string]) | String.IsEmpty(Skin.String(Skin.ForcedView.files))]] | [Container.Content(mixed) + [String.IsEqual(Skin.String(Skin.ForcedView.mixed),$PARAM[string]) | String.IsEmpty(Skin.String(Skin.ForcedView.mixed))]] | [Container.Content(unknown) + [String.IsEqual(Skin.String(Skin.ForcedView.unknown),$PARAM[string]) | String.IsEmpty(Skin.String(Skin.ForcedView.unknown))]] | [!Container.Content(games) + !Container.Content(movies) + !Container.Content(sets) + !Container.Content(tvshows) + !Container.Content(seasons) + !Container.Content(episodes) + !Container.Content(actors) + !Container.Content(artists) + !Container.Content(albums) + !Container.Content(songs) + !Container.Content(addons) + !Container.Content(genres) + !Container.Content(images) + !Container.Content(videos) + !Container.Content() + !Container.Content(tags) + !Container.Content(years) + !Container.Content(countries) + !Container.Content(studios) + !Container.Content(playlists) + !Container.Content(musicvideos) + !Container.Content(directors) + !Container.Content(files) + !Container.Content(mixed) + !Container.Content(unknown)] | Window.IsVisible(MyPlaylist.xml)</visible>
    </include>

</includes>
