<addon id="skin.arctic.zephyr.2.stripped" name="Arctic Zephyr 2 Stripped" provider-name="jurialmunkey, trexx" version="0.0.27">
    <requires>
        <import addon="xbmc.gui" version="5.17.0" />
        <import addon="script.skinshortcuts" version="2.0.1" />
        <!-- <import addon="plugin.video.themoviedb.helper" version="4.10.14" /> -->
        <import addon="plugin.video.imdb.trailers" version="2.1.16" />
        <import addon="weather.gismeteo" version="0.6.3" />
    </requires>
    <extension debugging="false" effectslowdown="1" point="xbmc.gui.skin">
        <res aspect="16:9" default="true" folder="xml" height="1080" width="1920" />
    </extension>
    <extension point="xbmc.addon.metadata">
        <summary lang="en">Clean, minimal, elegant, simple, light.</summary>        
        <description lang="en">Arctic Zephyr 2 is a minimalistic skin created by jurialmunkey. The skin is designed to be simple so that the user can focus on their media content. In addition to the default light colour scheme, the skin also includes a number of darker variations.</description>
        <platform>all</platform>
        <license>Creative Commons Attribution Non-Commercial Share-Alike 4.0</license>
        <assets>
            <icon>icon.png</icon>
        </assets>
    </extension>
</addon>
