<?xml version="1.0" encoding="UTF-8"?>
<window type="window" id="1137">
    <defaultcontrol always="true">9999</defaultcontrol>
    <backgroundcolor>Background</backgroundcolor>
    <onload>SetProperty(Header_Center_Text,Information)</onload>
    <onload>SetProperty(Header_Left_Text,Movies)</onload>
    <controls>
        <include>Global_Background</include>
        <include>Topbar</include>
        <control type="button" id="9999">
            <onfocus>ReplaceWindow(1136)</onfocus>
        </control>
    </controls>
</window>