<?xml version="1.0" encoding="UTF-8"?>
<!-- Foundation -->
<window id="0">
    <defaultcontrol always="false">301</defaultcontrol>

    <backgroundcolor>Background</backgroundcolor>
    <onunload condition="!Control.HasFocus(301) + Window.Next(VideoFullScreen.xml)">SetFocus(301)</onunload>
    <onload condition="Window.Previous(VideoFullScreen.xml)">SetFocus(301)</onload>
    
    <onload>RunScript(script.skinshortcuts,type=buildxml&amp;mainmenuID=301&amp;levels=1&amp;group=mainmenu&amp;options=noGroups)</onload>
    
    <onunload>ClearProperty(TMDbHelper.WidgetContainer,Home)</onunload>

    <controls>
        <control type="button" id="6000">
            <description>Weather Jump</description>
            <include>Defs_Hidden_Button</include>
            <onup>301</onup>
            <ondown>301</ondown>
            <onleft>301</onleft>
            <onright>301</onright>
            <onback>301</onback>
            <onclick>ActivateWindow(Weather)</onclick>
        </control>
        <control type="list" id="9989">
            <description>hidden container for widget count</description>
            <posx>-20</posx>
            <posy>-20</posy>
            <width>1</width>
            <height>1</height>
            <visible>true</visible>
            <onup>50</onup>
            <ondown>50</ondown>
            <onleft>50</onleft>
            <onright>50</onright>
            <itemlayout width="1" height="1">
            </itemlayout>
            <focusedlayout height="1" width="1">
            </focusedlayout>
            <content><include>skinshortcuts-submenu-1</include></content>
        </control>

        <control type="group">
            <visible allowhiddenfocus="true">!$EXP[Exp_ShowPlotOverlay]</visible>
            <include>Global_Background</include>
            <include content="Topbar">
                <param name="visible" value="ControlGroup(3000).HasFocus()" />
            </include>
            <control type="group">
                <top>view_top</top>
                <visible>ControlGroup(3000).HasFocus()</visible>
                <visible>!$EXP[Exp_ShowPlotOverlay]</visible>
                <include>Defs_InfoDialog_Visible</include>
                <visible>!String.IsEqual(Container(9989).ListItemAbsolute(0).Property(list),Settings) + !String.IsEqual(Container(9989).ListItemAbsolute(0).Property(list),Weather)</visible>
                <include content="Object_Info_Arrows">
                    <param name="id" value="3000" />
                </include>
            </control>
            <control type="group">
                <animation effect="slide" start="0" end="-257.14" time="200" condition="ControlGroup(3000).HasFocus() | Control.HasFocus(5000) | Control.HasFocus(5100)">Conditional</animation>
                <animation effect="slide" start="0" end="-380" time="200" condition="Control.HasFocus(6000)">Conditional</animation>
                <control type="group">
                    <control type="group">
                        <left>380</left>
                        <right>-380</right>
                        <visible>String.IsEqual(Container(9989).ListItemAbsolute(0).Property(list),Weather)</visible>
                        <include>Weather</include>
                    </control>
                </control>
                <control type="group">
                    <include content="View_Group">
                        <param name="animation" value="Defs_Null" />
                    </include>
                    <control type="grouplist">
                        <top>-15</top>
                        <width>2500</width>
                        <left>-30</left>
                        <bottom>-15</bottom>
                        <orientation>horizontal</orientation>
                        <usecontrolcoords>true</usecontrolcoords>
                        <itemgap>0</itemgap>
                        <control type="group" id="300">
                            <width>257.14</width>
                            <left>15</left>
                            <top>-7</top>
                            <bottom>7</bottom>
                            <control type="group">
                                <width>257.14</width>
                                <control type="button" id="3002">
                                    <onup>SetFocus(302,999,absolute)</onup>
                                    <ondown>SetFocus(302,0,absolute)</ondown>
                                    <right>40</right>
                                    <onleft>301</onleft>
                                    <onright>301</onright>
                                    <onback>301</onback>
                                    <font>font_topbar</font>
                                    <align>right</align>
                                    <aligny>center</aligny>
                                    <textcolor>main_fg_30</textcolor>
                                    <focusedcolor>main_fg_100</focusedcolor>
                                    <textoffsetx>0</textoffsetx>
                                    <texturefocus />
                                    <texturenofocus />
                                    <label>$INFO[Container(301).ListItem.Label]</label>
                                    <onclick>$INFO[Container(301).ListItem.Property(path)]</onclick>
                                    <height>item_list_height</height>
                                    <visible allowhiddenfocus="true">Control.HasFocus(302) | Control.HasFocus(3002)</visible>
                                </control>
                                <control type="panel" id="302">
                                    <visible allowhiddenfocus="true">Control.HasFocus(302) | Control.HasFocus(3002)</visible>
                                    <onup>3002</onup>
                                    <ondown>3002</ondown>
                                    <onleft>301</onleft>
                                    <onright>301</onright>
                                    <onback>301</onback>
                                    <include>Defs_InfoDialog_Visible</include>
                                    <left>0</left>
                                    <animation effect="fade" start="100" end="0" time="200" condition="ControlGroup(3000).HasFocus() | Control.HasFocus(5000) | Control.HasFocus(5100) | Control.HasFocus(6000)">Conditional</animation>
                                    <top>item_list_height</top>
                                    <width>257.14</width>
                                    <onright>3000</onright>
                                    <orientation>vertical</orientation>                
                                    <itemlayout width="257.14" height="item_list_height">
                                        <control type="label">
                                            <right>40</right>
                                            <font>font_submenu_small</font>
                                            <align>right</align>
                                            <aligny>center</aligny>
                                            <textcolor>main_fg_30</textcolor>
                                            <label>$INFO[ListItem.Label]</label>
                                        </control>
                                    </itemlayout>
                                    <focusedlayout width="257.14" height="item_list_height">
                                        <control type="label">
                                            <right>40</right>
                                            <font>font_submenu</font>
                                            <align>right</align>
                                            <aligny>center</aligny>
                                            <textcolor>main_fg_100</textcolor>
                                            <label>$INFO[ListItem.Label]</label>
                                        </control>
                                    </focusedlayout>
                                    <content><include>skinshortcuts-submenu</include></content>
                                </control>
                            </control>
                            <control type="panel" id="301">
                                <visible allowhiddenfocus="true">![Control.HasFocus(302) | Control.HasFocus(3002)] + Control.HasFocus(301)</visible>
                                <include>Defs_InfoDialog_Visible</include>
                                <onleft condition="!Skin.HasSetting(SubmenuOnly) + Integer.IsGreater(Container(302).NumItems,0)">SetProperty(submenuVisibility,$INFO[Container(301).ListItem.Property(submenuVisibility)],home)</onleft>
                                <onleft condition="!Skin.HasSetting(SubmenuOnly) + Integer.IsGreater(Container(302).NumItems,0)">SetProperty(leftHeader,$INFO[Container(301).ListItem.Label],home)</onleft>
                                <onleft condition="!Skin.HasSetting(SubmenuOnly) + Integer.IsGreater(Container(302).NumItems,0)">SetProperty(widgetName,$INFO[Container(301).ListItem.Property(widgetName)],home)</onleft>
                                <onleft condition="!Skin.HasSetting(SubmenuOnly) + Integer.IsGreater(Container(302).NumItems,0)">SetProperty(widgetName.backgroundWidget,$INFO[Container(301).ListItem.Property(widgetName.backgroundWidget)],home)</onleft>
                                <onleft condition="!Skin.HasSetting(SubmenuOnly) + Integer.IsGreater(Container(302).NumItems,0)">SetProperty(widgetPath,$INFO[Container(301).ListItem.Property(widgetPath)],home)</onleft>
                                <onleft condition="!Skin.HasSetting(SubmenuOnly) + Integer.IsGreater(Container(302).NumItems,0)">SetProperty(widgetTarget,$INFO[Container(301).ListItem.Property(widgetTarget)],home)</onleft>
                                <onleft condition="!Skin.HasSetting(SubmenuOnly) + Integer.IsGreater(Container(302).NumItems,0)">SetProperty(widgetAspect,$INFO[Container(301).ListItem.Property(widgetAspect)],home)</onleft>
                                <onleft condition="!Skin.HasSetting(SubmenuOnly) + Integer.IsGreater(Container(302).NumItems,0)">ActivateWindow(1135)</onleft>
                                <onleft condition="Skin.HasSetting(SubmenuOnly) + Integer.IsGreater(Container(302).NumItems,0)">SetFocus(302,0)</onleft>
                                <animation effect="fade" start="100" end="0" time="200" condition="ControlGroup(3000).HasFocus() | Control.HasFocus(5000) | Control.HasFocus(5100) | Control.HasFocus(6000)">Conditional</animation>
                                <top>0</top>
                                <onright condition="!String.IsEqual(Container(9989).ListItem.Property(list),Settings) + !String.IsEqual(Container(9989).ListItem.Property(list),Weather)">3000</onright>
                                <onright condition="String.IsEqual(Container(9989).ListItem.Property(list),Settings)">5000</onright>
                                <onright condition="String.IsEqual(Container(9989).ListItem.Property(list),Weather)">6000</onright>
                                <width>257.14</width>
                                <orientation>vertical</orientation>                
                                <itemlayout width="257.14" height="item_list_height">
                                    <control type="label">
                                        <right>40</right>
                                        <font>font_topbar_small</font>
                                        <align>right</align>
                                        <aligny>center</aligny>
                                        <textcolor>main_fg_30</textcolor>
                                        <label>$INFO[ListItem.Label]</label>
                                    </control>
                                </itemlayout>
                                <focusedlayout width="257.14" height="item_list_height">
                                    <control type="label">
                                        <right>40</right>
                                        <font>font_topbar</font>
                                        <align>right</align>
                                        <aligny>center</aligny>
                                        <textcolor>main_fg_100</textcolor>
                                        <label>$INFO[ListItem.Label]</label>
                                    </control>
                                </focusedlayout>
                                <content><include>skinshortcuts-mainmenu</include></content>
                            </control>
                        </control>
                        
                        <control type="group" id="99300">
                            <height>view_height</height>
                            <width>1800</width>
                            <include>Defs_InfoDialog_Visible</include>
                            <control type="grouplist" id="3000">
                                <visible>!String.IsEqual(Container(9989).ListItemAbsolute(0).Property(list),Settings) + !String.IsEqual(Container(9989).ListItemAbsolute(0).Property(list),Weather)</visible>
                                <top>-5</top>
                                <onup>301</onup>
                                <ondown>301</ondown>
                                <onleft>301</onleft>
                                <scrolltime tween="quadratic">400</scrolltime>
                                <height>view_height</height>
                                <width>1800</width>
                                <orientation>vertical</orientation>
                                <itemgap>-52</itemgap>
                                <usecontrolcoords>true</usecontrolcoords>
                                <control type="group" id="7999"><height>0</height></control>
                                <include>skinshortcuts-template-vertical-submenu</include>
                                <include>skinshortcuts-template-vertical-main</include>
                            </control>
                            <control type="group">
                                <visible>Integer.IsEqual(Container(3000).NumItems,1)</visible>
                                <visible>!String.IsEqual(Container(9989).ListItemAbsolute(0).Property(list),Settings) + !String.IsEqual(Container(9989).ListItemAbsolute(0).Property(list),Weather)</visible>
                                <top>432.5</top>
                                <left>15</left>
                                <right>15</right>
                                <bottom>0</bottom>
                                <control type="group">
                                    <top>15</top>
                                    <visible>ControlGroup(3000).HasFocus()</visible>
                                    <include content="View_52_Showcase_Aura_Info">
                                        <param name="font" value="font_title" />
                                        <param name="plotheight" value="160" />
                                        <param name="titleheight" value="60" />
                                    </include>
                                </control>
                                <control type="group">
                                    <width>1500</width>
                                    <visible>!ControlGroup(3000).HasFocus()</visible>
                                    <visible>!Control.IsVisible(993100)</visible>
                                    <include>skinshortcuts-template-vertical-info</include>
                                </control>
                                <control type="group">
                                    <width>1500</width>
                                    <visible>!ControlGroup(3000).HasFocus()</visible>
                                    <visible>Control.IsVisible(993100)</visible>
                                    <include content="Home_Vertical_Info">
                                        <param name="font" value="font_title" />
                                        <param name="plotheight" value="160" />
                                        <param name="titleheight" value="60" />
                                        <param name="id" value="993100" />
                                        <param name="uid" value="993" />
                                    </include>
                                </control>
                            </control>
                        </control>
                    </control>
                </control>
            </control>    
        </control>
    </controls>
</window>
