<?xml version="1.0" encoding="UTF-8"?>
<includes>
    <include name="Home_Menu_Template">
        <param name="id" default="301" />
        <param name="font" default="font_topbar" />
        <definition>
            <control type="grouplist">
                <left>-15</left>
                <itemgap>menu_itemgap</itemgap>
                <height>70</height>
                <orientation>horizontal</orientation>
                <visible>Window.IsVisible(Home) + !$EXP[Exp_InfoVisible]</visible>
                <usecontrolcoords>true</usecontrolcoords>
                <control type="image">
                    <visible>Container($PARAM[id]).HasPrevious</visible>
                    <centertop>55%</centertop>
                    <width>24</width>
                    <height>24</height>
                    <texture flipx="false" colordiffuse="main_fg_30">buttons/spin-left.png</texture>
                </control>
                <include content="Home_Menu_Item">
                    <param name="font" value="$PARAM[font]" />
                    <param name="visible" value="Integer.IsGreater(Container($PARAM[id]).NumItems,0)" />
                    <param name="id" value="$PARAM[id]" />
                    <param name="pos" value="0" />
                </include>
                <include content="Home_Menu_Item">
                    <param name="font" value="$PARAM[font]" />
                    <param name="visible" value="Integer.IsGreater(Container($PARAM[id]).NumItems,1)" />
                    <param name="id" value="$PARAM[id]" />
                    <param name="pos" value="1" />
                </include>
                <include content="Home_Menu_Item">
                    <param name="font" value="$PARAM[font]" />
                    <param name="visible" value="Integer.IsGreater(Container($PARAM[id]).NumItems,2)" />
                    <param name="id" value="$PARAM[id]" />
                    <param name="pos" value="2" />
                </include>
                <include content="Home_Menu_Item">
                    <param name="font" value="$PARAM[font]" />
                    <param name="visible" value="Integer.IsGreater(Container($PARAM[id]).NumItems,3)" />
                    <param name="id" value="$PARAM[id]" />
                    <param name="pos" value="3" />
                </include>
                <include content="Home_Menu_Item">
                    <param name="font" value="$PARAM[font]" />
                    <param name="visible" value="Integer.IsGreater(Container($PARAM[id]).NumItems,4)" />
                    <param name="id" value="$PARAM[id]" />
                    <param name="pos" value="4" />
                </include>
                <include content="Home_Menu_Item">
                    <param name="font" value="$PARAM[font]" />
                    <param name="visible" value="Integer.IsGreater(Container($PARAM[id]).NumItems,5)" />
                    <param name="id" value="$PARAM[id]" />
                    <param name="pos" value="5" />
                </include>
                <include content="Home_Menu_Item">
                    <param name="font" value="$PARAM[font]" />
                    <param name="visible" value="Integer.IsGreater(Container($PARAM[id]).NumItems,6)" />
                    <param name="id" value="$PARAM[id]" />
                    <param name="pos" value="6" />
                </include>
                <include content="Home_Menu_Item">
                    <param name="font" value="$PARAM[font]" />
                    <param name="visible" value="Integer.IsGreater(Container($PARAM[id]).NumItems,7)" />
                    <param name="id" value="$PARAM[id]" />
                    <param name="pos" value="7" />
                </include>
                <control type="image">
                    <visible>Container($PARAM[id]).HasNext</visible>
                    <centertop>55%</centertop>
                    <width>24</width>
                    <height>24</height>
                    <texture flipx="true" colordiffuse="main_fg_30">buttons/spin-left.png</texture>
                </control>
            </control>
        </definition>
    </include>

    <include name="Home_Menu">
        <control type="group">
            <top>55</top>
            <left>view_pad</left>
            <visible>!Control.HasFocus(302) | !Skin.HasSetting(HomeMulti)</visible>
            <control type="group">
                <left>15</left>
                <animation effect="slide" start="0" end="-120" condition="!Container(301).OnScrollNext" reversible="false" time="200" tween="quadratic">Conditional</animation>
                <animation effect="slide" start="0" end="120" condition="!Container(301).OnScrollPrevious" reversible="false" time="200" tween="quadratic">Conditional</animation>
                <include>Home_Menu_Template</include>
            </control>
        </control>
    </include>

    <include name="Home_Submenu">
        <control type="group">
            <top>55</top>
            <left>view_pad</left>
            <visible>Control.HasFocus(302)</visible>
            <control type="group">
                <left>15</left>
                <animation effect="slide" start="0" end="-120" condition="!Container(302).OnScrollNext" reversible="false" time="200" tween="quadratic">Conditional</animation>
                <animation effect="slide" start="0" end="120" condition="!Container(302).OnScrollPrevious" reversible="false" time="200" tween="quadratic">Conditional</animation>
                <include content="Home_Menu_Template">
                    <param name="id" value="302" />
                    <param name="font" value="font_submenu" />
                </include>
            </control>
        </control>
    </include>

    <include name="Home_Menu_Item">
        <control type="button">
            <width>auto</width>
            <align>left</align>
            <height>70</height>
            <font>$PARAM[font]_small</font>
            <focusedcolor>main_fg_30</focusedcolor>
            <selectedcolor>main_fg_30</selectedcolor>
            <textcolor>main_fg_30</textcolor>
            <onfocus>SetFocus($PARAM[id],$PARAM[pos])</onfocus>
            <onclick>$INFO[Container($PARAM[id]).ListItemPosition($PARAM[pos]).Property(path)]</onclick>
            <texturefocus />
            <texturenofocus />
            <textoffsetx>0</textoffsetx>
            <label>$INFO[Container($PARAM[id]).ListItemPosition($PARAM[pos]).Label]</label>
            <visible>!String.IsEqual(Container($PARAM[id]).ListItemPosition($PARAM[pos]).Label,Container($PARAM[id]).ListItem.Label)</visible>
            <visible>$PARAM[visible]</visible>
        </control>
        <control type="button">
            <width>auto</width>
            <align>left</align>
            <height>70</height>
            <font>$PARAM[font]</font>
            <focusedcolor>main_fg_100</focusedcolor>
            <selectedcolor>main_fg_100</selectedcolor>
            <textcolor>main_fg_100</textcolor>
            <onfocus>SetFocus($PARAM[id],$PARAM[pos])</onfocus>
            <onclick>$INFO[Container($PARAM[id]).ListItemPosition($PARAM[pos]).Property(path)]</onclick>
            <texturenofocus />
            <texturefocus />
            <textoffsetx>0</textoffsetx>
            <label>$INFO[Container($PARAM[id]).ListItemPosition($PARAM[pos]).Label]</label>
            <visible>String.IsEqual(Container($PARAM[id]).ListItemPosition($PARAM[pos]).Label,Container($PARAM[id]).ListItem.Label)</visible>
            <visible>$PARAM[visible]</visible>
        </control>
    </include>

    <include name="Home_Hub_Widget">
        <param name="widget" default="true" />
        <param name="widgetvisibility" default="true" />
        <definition>
            <control type="panel" id="302">
                <nested />
                <scrolltime tween="quadratic">400</scrolltime>
                <include content="View_TopItems">
                    <param name="id" value="302" />
                </include>
                <content><include>skinshortcuts-submenu</include></content>
            </control>

            <control type="group">
                <animation effect="fade" start="100" end="0" delay="200" time="200" condition="!$PARAM[widgetvisibility]">Conditional</animation>
                <control type="group">
                    <top>337.5</top>
                    <left>-15</left>
                    <include content="View_Cast_Toplabel">
                        <param name="groupid" value="7510" />
                        <param name="id" value="5610" />
                        <param name="label" value="$VAR[Label_WidgetName]" />
                        <visible>$PARAM[widget]</visible>
                    </include>
                </control>
                <include condition="$PARAM[widget]">skinshortcuts-template-spotlight-mainmenu</include>
                <include condition="$PARAM[widget]">skinshortcuts-template-spotlight-submenu</include>
            </control>
        </definition>
    </include>

    <include name="Home_Width_Clock"><width>1200</width></include>
    <include name="Home_Width_NoClock"><width>1620</width></include>

    <include name="Home_Vertical_Info">
        <param name="plotheight" default="120" />
        <definition>
            <control type="grouplist">
                <nested />
                <animation effect="fade" end="50" condition="true">Conditional</animation>
                <visible>!String.IsEmpty(Container($PARAM[id]).ListItem.Title)</visible>
                <orientation>vertical</orientation>
                <usecontrolcoords>true</usecontrolcoords>
                <itemgap>0</itemgap>
                <include content="Object_Info_Title">
                    <param name="label" value="$INFO[Container($PARAM[id]).ListItem.Title]" />
                    <param name="font" value="$PARAM[font]" />
                    <param name="titleheight" value="$PARAM[titleheight]" />
                </include>
                <include content="Object_Info_Line">
                    <param name="container" value="Container($PARAM[id])." />
                    <param name="uid" value="$PARAM[uid]" />
                </include>
                <control type="group">
                    <top>-5</top>
                    <height>75</height>
                    <visible>!Skin.HasSetting(DisableStarRating)</visible>
                    <visible>!Skin.HasSetting(NumericStarRating)</visible>
                    <control type="group">
                        <left>-14</left>
                        <visible>String.IsEmpty(Container($PARAM[id]).ListItem.UserRating)</visible>
                        <include content="Object_StarRating">
                            <param name="rating_prop" value="Container($PARAM[id]).ListItem.Rating" />
                        </include>
                    </control>
                    <control type="group">
                        <left>-14</left>
                        <visible>!String.IsEmpty(Container($PARAM[id]).ListItem.UserRating)</visible>
                        <include content="Object_StarRating">
                            <param name="rating_prop" value="Container($PARAM[id]).ListItem.UserRating" />
                        </include>
                    </control>
                </control>
                <control type="group">
                    <top>-5</top>
                    <height>75</height>
                    <visible>!Skin.HasSetting(DisableStarRating)</visible>
                    <visible>Skin.HasSetting(NumericStarRating)</visible>
                    <control type="group">
                        <left>-14</left>
                        <top>24</top>
                        <visible>!String.IsEmpty(Container($PARAM[id]).ListItem.Rating)</visible>
                        <control type="image">
                            <width>64</width>
                            <height>64</height>
                            <texture colordiffuse="main_fg_100">flags/star10.png</texture>
                        </control>
                        <control type="label">
                            <left>61</left>
                            <textcolor>main_fg_70</textcolor>
                            <top>19</top>
                            <width>auto</width>
                            <height>28</height>
                            <align>right</align>
                            <font>font_tiny</font>
                            <label>$INFO[Container($PARAM[id]).ListItem.Rating,,   ]</label>
                        </control>
                    </control>
                </control>
                <include content="Object_Info_Plot">
                    <param name="label" value="$INFO[Container($PARAM[id]).ListItem.Plot]" />
                    <param name="maxheight" value="$PARAM[plotheight]" />
                </include>
            </control>
        </definition>
    </include>
</includes>
