<?xml version="1.0" encoding="UTF-8"?>
<!-- Foundation -->
<window id="129">
    <defaultcontrol always="true">9000</defaultcontrol>


    <controls>

        <include>Global_Overlay</include>

        <control type="group">
            <include content="Dialog_Standard_Group">
                <param name="width" value="1120" />
                <param name="height" value="423" />
            </include>

            <control type="label" id="2">
                <include>Dialog_Standard_Header</include>
                <label>21421</label>
            </control>

            <control type="grouplist" id="9000">
                <top>dialog_top</top>
                <bottom>dialog_pad</bottom>
                <left>0</left>
                <right>dialog_side_grouplist</right>
                <itemgap>0</itemgap>
                <orientation>vertical</orientation>
                <onright>8000</onright>
                <usecontrolcoords>true</usecontrolcoords>
                <control type="label" id="9001">
                    <label>21422</label>
                    <top>0</top>
                    <include>Dialog_Standard_HintLabel</include>
                </control>
                <control type="button" id="15">
                    <include>Dialog_Standard_Button</include>
                </control>
                <control type="button" id="16">
                    <ondown>17</ondown>
                    <include>Dialog_Standard_Button</include>
                </control>
                <control type="group" id="9002">
                    <height>item_list_height</height>
                    <control type="image" id="9003">
                        <visible>Control.HasFocus(20)</visible>
                        <texture colordiffuse="$VAR[ColorHighlight]">primatives/square.png</texture>
                    </control>
                    <control type="edit" id="17">
                        <onup>16</onup>
                        <onright>20</onright>
                        <include>Dialog_Standard_Button</include>
                    </control>
                    <control type="button" id="20" description="Browse">
                        <label />
                        <font />
                        <onleft>17</onleft>
                        <onup>16</onup>
                        <onright>8000</onright>
                        <centertop>50%</centertop>
                        <right>16</right>
                        <width>48</width>
                        <height>48</height>
                        <texturenofocus colordiffuse="dialog_fg_30">buttons/browse.png</texturenofocus>
                        <texturefocus colordiffuse="Selected">buttons/browse.png</texturefocus>
                    </control>
                </control>
            </control>

            <control type="group">
                <top>39</top>
                <control type="grouplist" id="8000">
                    <onleft>9000</onleft>
                    <include>Dialog_Standard_Right_Group</include>
                    <itemgap>0</itemgap>
                    <control type="button" id="18" description="OK">
                        <label>186</label>
                        <include>Dialog_Standard_Right_Buttons</include>
                    </control>
                    <control type="button" id="19" description="Cancel">
                        <label>222</label>
                        <include>Dialog_Standard_Right_Buttons</include>
                    </control>
                </control>
                <include>Dialog_Separator_Right</include>
            </control>
        </control>
    </controls>

</window>
